system:index,AWEI_NS,AWEI_S,MNDWI1,MNDWI2,NDWI,datetime,.geo
20200124T051109_20200124T051244_T43PHQ_0,-9914.75,-3136.5,-0.4459504132231405,-0.2800687285223368,-0.33571145461751883,2020-01-24 05:25:09,"{""type"":""Point"",""coordinates"":[78.15656917243544,12.826418155727978]}"
20200124T051109_20200124T051244_T43PHQ_1,-5842.25,-2722.5,-0.3782051282051282,-0.05365853658536585,-0.46025437201907793,2020-01-24 05:25:09,"{""type"":""Point"",""coordinates"":[78.74163931502379,12.780724791715844]}"
20200124T051109_20200124T051244_T43PHQ_2,-20285.25,-5957.5,-0.33906204485872415,-0.23201895413775597,-0.2587389741914407,2020-01-24 05:25:09,"{""type"":""Point"",""coordinates"":[77.9756836721797,13.447137548045394]}"
20200124T051109_20200124T051244_T43PHQ_3,-12317.5,-5003.5,-0.4515159792406446,-0.2909604519774011,-0.45992469069392145,2020-01-24 05:25:09,"{""type"":""Point"",""coordinates"":[77.8583194257387,12.642488191446043]}"
20200124T051109_20200124T051244_T43PHQ_4,-10027.0,-2908.75,-0.4553450608930988,-0.3160577740016992,-0.31137724550898205,2020-01-24 05:25:09,"{""type"":""Point"",""coordinates"":[77.8488947210855,12.928129788553226]}"
20200124T051109_20200124T051244_T43PHQ_5,-9154.75,-3413.25,-0.45129642606867554,-0.24274661508704062,-0.4110567882662655,2020-01-24 05:25:09,"{""type"":""Point"",""coordinates"":[78.76999819878446,13.123839871754672]}"
20200124T051109_20200124T051244_T43PHQ_6,-16127.0,-5209.75,-0.4282162834058421,-0.30844399899774494,-0.326007326007326,2020-01-24 05:25:09,"{""type"":""Point"",""coordinates"":[78.44728713133662,13.154421994809873]}"
20200124T051109_20200124T051244_T43PHQ_7,-12010.0,-4609.5,-0.490295358649789,-0.2837944664031621,-0.43268628678772697,2020-01-24 05:25:09,"{""type"":""Point"",""coordinates"":[78.6685633848612,13.42648195272544]}"
20200124T051109_20200124T051244_T43PHQ_8,-16561.5,-5175.0,-0.5278088005360733,-0.38742393509127787,-0.3312242961088263,2020-01-24 05:25:09,"{""type"":""Point"",""coordinates"":[78.53625708568862,13.398857569739622]}"
20200124T051109_20200124T051244_T43PHQ_9,-13881.5,-4632.5,-0.33155299917830733,-0.1947537738183618,-0.3185340314136126,2020-01-24 05:25:09,"{""type"":""Point"",""coordinates"":[78.41007188651287,13.159892406141664]}"
20200129T051041_20200129T051611_T43PHQ_0,-11129.0,-4061.75,-0.43307943416757344,-0.18815738215816127,-0.3705829054666264,2020-01-29 05:25:05,"{""type"":""Point"",""coordinates"":[78.16117096699932,13.19461470745829]}"
20200129T051041_20200129T051611_T43PHQ_1,-10737.25,-3817.25,-0.4129711751662971,-0.18287037037037038,-0.35915279878971257,2020-01-29 05:25:05,"{""type"":""Point"",""coordinates"":[77.79906107857616,13.217468148692896]}"
20200129T051041_20200129T051611_T43PHQ_2,-11714.75,-3628.5,-0.4129353233830846,-0.2266298723697827,-0.29717868338557996,2020-01-29 05:25:05,"{""type"":""Point"",""coordinates"":[77.97513786887525,13.400549747035063]}"
20200129T051041_20200129T051611_T43PHQ_3,-7444.0,-3422.0,-0.323252688172043,-0.033125300048007685,-0.43347398030942336,2020-01-29 05:25:05,"{""type"":""Point"",""coordinates"":[77.86477825038698,13.212011340461606]}"
20200129T051041_20200129T051611_T43PHQ_4,-15415.25,-4651.5,-0.48023846323691766,-0.31229915278995035,-0.2935174069627851,2020-01-29 05:25:05,"{""type"":""Point"",""coordinates"":[78.69620036706614,13.292024658742813]}"
20200129T051041_20200129T051611_T43PHQ_5,-8378.75,-2896.0,-0.370515329419439,-0.11589555657352267,-0.3358568479008947,2020-01-29 05:25:05,"{""type"":""Point"",""coordinates"":[78.76905041123155,13.065725960355028]}"
20200129T051041_20200129T051611_T43PHQ_6,-17725.0,-5528.0,-0.4597875569044006,-0.3053658536585366,-0.3060428849902534,2020-01-29 05:25:05,"{""type"":""Point"",""coordinates"":[78.45000107859391,13.351370996365485]}"
20200129T051041_20200129T051611_T43PHQ_7,-5783.5,-2575.25,-0.33808127356514456,0.023979261179520414,-0.42103334554781974,2020-01-29 05:25:05,"{""type"":""Point"",""coordinates"":[78.66963970898082,13.497252313592385]}"
20200129T051041_20200129T051611_T43PHQ_8,-9097.0,-3601.5,-0.36284774154950644,-0.10841356215989954,-0.3881068658431485,2020-01-29 05:25:05,"{""type"":""Point"",""coordinates"":[78.01343168962137,13.204077911554705]}"
20200129T051041_20200129T051611_T43PHQ_9,-9504.75,-3788.0,-0.38452554744525547,-0.11204717775905644,-0.3944268888250503,2020-01-29 05:25:05,"{""type"":""Point"",""coordinates"":[78.41316871093372,13.386576816204531]}"
20200129T051041_20200129T052502_T43PHQ_0,-5278.0,-2680.25,-0.2541548439400081,0.0716365754222481,-0.43086916176925455,2020-01-29 05:25:11,"{""type"":""Point"",""coordinates"":[78.15010810157095,13.149810389665896]}"
20200129T051041_20200129T052502_T43PHQ_1,-5282.25,-2347.75,-0.30809859154929575,0.03625576796308504,-0.4121166791323859,2020-01-29 05:25:11,"{""type"":""Point"",""coordinates"":[77.7919039989731,12.575742495004821]}"
20200129T051041_20200129T052502_T43PHQ_2,-10317.25,-2603.5,-0.3697040046430644,-0.2335920959774171,-0.20816624134159678,2020-01-29 05:25:11,"{""type"":""Point"",""coordinates"":[77.96690227321356,12.713499397578]}"
20200129T051041_20200129T052502_T43PHQ_3,-9294.25,-3921.0,-0.4255924170616114,-0.14123760037789324,-0.4399260628465804,2020-01-29 05:25:11,"{""type"":""Point"",""coordinates"":[77.8657372026921,13.338184193857067]}"
20200129T051041_20200129T052502_T43PHQ_4,-5819.25,-2820.75,-0.350253807106599,0.0274247491638796,-0.4514285714285714,2020-01-29 05:25:11,"{""type"":""Point"",""coordinates"":[78.76477270379647,12.761154308311077]}"
20200129T051041_20200129T052502_T43PHQ_5,-6059.75,-3425.5,-0.3642105263157895,0.016835016835016835,-0.5166453265044815,2020-01-29 05:25:11,"{""type"":""Point"",""coordinates"":[78.74722831591016,12.660852229175486]}"
20200129T051041_20200129T052502_T43PHQ_6,-11981.0,-2910.0,-0.2635409976450439,-0.1506172839506173,-0.20333487725798982,2020-01-29 05:25:11,"{""type"":""Point"",""coordinates"":[78.39819315927896,13.157606538159511]}"
20200129T051041_20200129T052502_T43PHQ_7,-12793.25,-2978.0,-0.2966213251426064,-0.2144082332761578,-0.17498713329902213,2020-01-29 05:25:11,"{""type"":""Point"",""coordinates"":[78.5821899030093,13.193159306108802]}"
20200129T051041_20200129T052502_T43PHQ_8,-6448.0,-2866.75,-0.2844378257632167,-0.030272452068617558,-0.4172225591267435,2020-01-29 05:25:11,"{""type"":""Point"",""coordinates"":[78.52730923543972,12.703893801599701]}"
20200129T051041_20200129T052502_T43PHQ_9,-11339.25,-3746.75,-0.41959140911471976,-0.1813816032508312,-0.31689272503082616,2020-01-29 05:25:11,"{""type"":""Point"",""coordinates"":[78.35748436203558,13.217380454058937]}"
20200203T051019_20200203T051441_T43PHQ_0,-9935.25,-3027.75,-0.42329726288987907,-0.25401399752984766,-0.3068094873756695,2020-02-03 05:25:10,"{""type"":""Point"",""coordinates"":[78.15656917243544,12.826418155727978]}"
20200203T051019_20200203T051441_T43PHQ_1,-5894.25,-2403.0,-0.3527367506516073,-0.039329464861379754,-0.3952922077922078,2020-02-03 05:25:10,"{""type"":""Point"",""coordinates"":[78.74163931502379,12.780724791715844]}"
20200203T051019_20200203T051441_T43PHQ_2,-21111.0,-6425.25,-0.38873281088274436,-0.2607296137339056,-0.2711565585331453,2020-02-03 05:25:10,"{""type"":""Point"",""coordinates"":[77.9756836721797,13.447137548045394]}"
20200203T051019_20200203T051441_T43PHQ_3,-13338.25,-5021.5,-0.45436507936507936,-0.27726675427069647,-0.4144264040457812,2020-02-03 05:25:10,"{""type"":""Point"",""coordinates"":[77.8583194257387,12.642488191446043]}"
20200203T051019_20200203T051441_T43PHQ_4,-10315.25,-2677.5,-0.3927938570584761,-0.23738872403560832,-0.22735813603908306,2020-02-03 05:25:10,"{""type"":""Point"",""coordinates"":[77.8488947210855,12.928129788553226]}"
20200203T051019_20200203T051441_T43PHQ_5,-9374.0,-3174.75,-0.38243451463790445,-0.17224287484510534,-0.33926805143422356,2020-02-03 05:25:10,"{""type"":""Point"",""coordinates"":[78.76999819878446,13.123839871754672]}"
20200203T051019_20200203T051441_T43PHQ_6,-16945.0,-5241.5,-0.4339258114374034,-0.28797083839611176,-0.29550372685741766,2020-02-03 05:25:10,"{""type"":""Point"",""coordinates"":[78.44728713133662,13.154421994809873]}"
20200203T051019_20200203T051441_T43PHQ_7,-13030.25,-4784.0,-0.4837040869115365,-0.28714285714285714,-0.4089428486822624,2020-02-03 05:25:10,"{""type"":""Point"",""coordinates"":[78.6685633848612,13.42648195272544]}"
20200203T051019_20200203T051441_T43PHQ_8,-16390.25,-4977.0,-0.487655623549272,-0.32742382271468146,-0.29480104559976766,2020-02-03 05:25:10,"{""type"":""Point"",""coordinates"":[78.53625708568862,13.398857569739622]}"
20200203T051019_20200203T051441_T43PHQ_9,-12518.75,-3800.25,-0.28025751072961375,-0.17429837518463812,-0.2741830772560052,2020-02-03 05:25:10,"{""type"":""Point"",""coordinates"":[78.41007188651287,13.159892406141664]}"
20200213T050919_20200213T052153_T43PHQ_0,-10298.75,-3120.0,-0.4239659367396594,-0.2439121756487026,-0.2985185185185185,2020-02-13 05:25:12,"{""type"":""Point"",""coordinates"":[78.15656917243544,12.826418155727978]}"
20200213T050919_20200213T052153_T43PHQ_1,-6268.0,-2419.25,-0.38228941684665224,-0.08333333333333333,-0.3867924528301887,2020-02-13 05:25:12,"{""type"":""Point"",""coordinates"":[78.74163931502379,12.780724791715844]}"
20200213T050919_20200213T052153_T43PHQ_2,-21390.5,-6433.5,-0.36562726613488034,-0.26499747941522434,-0.27209186220668996,2020-02-13 05:25:12,"{""type"":""Point"",""coordinates"":[77.9756836721797,13.447137548045394]}"
20200213T050919_20200213T052153_T43PHQ_3,-13892.75,-5098.0,-0.4623237724842003,-0.2982233502538071,-0.4083979673709548,2020-02-13 05:25:12,"{""type"":""Point"",""coordinates"":[77.8583194257387,12.642488191446043]}"
20200213T050919_20200213T052153_T43PHQ_4,-10256.5,-2932.75,-0.4033282904689864,-0.24761541396413583,-0.26935902185994814,2020-02-13 05:25:12,"{""type"":""Point"",""coordinates"":[77.8488947210855,12.928129788553226]}"
20200213T050919_20200213T052153_T43PHQ_5,-10118.5,-3584.5,-0.4482758620689655,-0.25709372312983664,-0.38108882521489973,2020-02-13 05:25:12,"{""type"":""Point"",""coordinates"":[78.76999819878446,13.123839871754672]}"
20200213T050919_20200213T052153_T43PHQ_6,-17207.0,-5406.75,-0.4532993929900137,-0.3094236952757853,-0.31349889353331695,2020-02-13 05:25:12,"{""type"":""Point"",""coordinates"":[78.44728713133662,13.154421994809873]}"
20200213T050919_20200213T052153_T43PHQ_7,-13812.5,-4930.75,-0.4889107934943322,-0.2988505747126437,-0.3921453692848769,2020-02-13 05:25:12,"{""type"":""Point"",""coordinates"":[78.6685633848612,13.42648195272544]}"
20200213T050919_20200213T052153_T43PHQ_8,-17750.0,-5411.5,-0.5189665778142301,-0.3735647530040053,-0.3069423929098966,2020-02-13 05:25:12,"{""type"":""Point"",""coordinates"":[78.53625708568862,13.398857569739622]}"
20200213T050919_20200213T052153_T43PHQ_9,-13136.0,-3492.25,-0.29628853009016565,-0.19462443004559635,-0.207556080283353,2020-02-13 05:25:12,"{""type"":""Point"",""coordinates"":[78.41007188651287,13.159892406141664]}"
20200218T050851_20200218T051826_T43PHQ_0,-10585.75,-3251.75,-0.42162962962962963,-0.24604094244882194,-0.30484330484330485,2020-02-18 05:25:10,"{""type"":""Point"",""coordinates"":[78.15656917243544,12.826418155727978]}"
20200218T050851_20200218T051826_T43PHQ_1,-6919.0,-2464.75,-0.38603531300160515,-0.11764705882352941,-0.3598326359832636,2020-02-18 05:25:10,"{""type"":""Point"",""coordinates"":[78.74163931502379,12.780724791715844]}"
20200218T050851_20200218T051826_T43PHQ_2,-20345.75,-6157.25,-0.35765124555160144,-0.24146384170898266,-0.2733981885273398,2020-02-18 05:25:10,"{""type"":""Point"",""coordinates"":[77.9756836721797,13.447137548045394]}"
20200218T050851_20200218T051826_T43PHQ_3,-13595.5,-5008.0,-0.43188966852165495,-0.2823960880195599,-0.4007146503318019,2020-02-18 05:25:10,"{""type"":""Point"",""coordinates"":[77.8583194257387,12.642488191446043]}"
20200218T050851_20200218T051826_T43PHQ_4,-10424.25,-2848.75,-0.39709801599052413,-0.24787587735500555,-0.24029850746268658,2020-02-18 05:25:10,"{""type"":""Point"",""coordinates"":[77.8488947210855,12.928129788553226]}"
20200218T050851_20200218T051826_T43PHQ_5,-10261.25,-3514.5,-0.4276155717761557,-0.231523070641078,-0.35148173673328736,2020-02-18 05:25:10,"{""type"":""Point"",""coordinates"":[78.76999819878446,13.123839871754672]}"
20200218T050851_20200218T051826_T43PHQ_6,-17421.0,-5420.5,-0.43302299068972067,-0.2995305164319249,-0.300187617260788,2020-02-18 05:25:10,"{""type"":""Point"",""coordinates"":[78.44728713133662,13.154421994809873]}"
20200218T050851_20200218T051826_T43PHQ_7,-14499.0,-5049.5,-0.48764568764568766,-0.2930202637504021,-0.3743239396527185,2020-02-18 05:25:10,"{""type"":""Point"",""coordinates"":[78.6685633848612,13.42648195272544]}"
20200218T050851_20200218T051826_T43PHQ_8,-18174.75,-5511.0,-0.5136959110758237,-0.3657778928294072,-0.2995997712978845,2020-02-18 05:25:10,"{""type"":""Point"",""coordinates"":[78.53625708568862,13.398857569739622]}"
20200218T050851_20200218T051826_T43PHQ_9,-14066.75,-4005.25,-0.3310696095076401,-0.2453914292554465,-0.26217228464419473,2020-02-18 05:25:10,"{""type"":""Point"",""coordinates"":[78.41007188651287,13.159892406141664]}"
20200314T050649_20200314T051939_T43PHQ_0,-10339.25,-3188.5,-0.41769858048927816,-0.24273369992144542,-0.30920816911501253,2020-03-14 05:25:14,"{""type"":""Point"",""coordinates"":[78.15656917243544,12.826418155727978]}"
20200314T050649_20200314T051939_T43PHQ_1,-7978.25,-2474.25,-0.4235514018691589,-0.18585005279831046,-0.3000453926463913,2020-03-14 05:25:14,"{""type"":""Point"",""coordinates"":[78.74163931502379,12.780724791715844]}"
20200314T050649_20200314T051939_T43PHQ_2,-21586.25,-6108.0,-0.3403170227429359,-0.23995553438145148,-0.23910969793322734,2020-03-14 05:25:14,"{""type"":""Point"",""coordinates"":[77.9756836721797,13.447137548045394]}"
20200314T050649_20200314T051939_T43PHQ_3,-15566.25,-5197.25,-0.4674245736773065,-0.31166996326645946,-0.34935897435897434,2020-03-14 05:25:14,"{""type"":""Point"",""coordinates"":[77.8583194257387,12.642488191446043]}"
20200314T050649_20200314T051939_T43PHQ_4,-11537.0,-3195.25,-0.40698308783415166,-0.2620502376103191,-0.2539464653397392,2020-03-14 05:25:14,"{""type"":""Point"",""coordinates"":[77.8488947210855,12.928129788553226]}"
20200314T050649_20200314T051939_T43PHQ_5,-11943.0,-3981.5,-0.467525195968645,-0.2916201117318436,-0.3506316148856265,2020-03-14 05:25:14,"{""type"":""Point"",""coordinates"":[78.76999819878446,13.123839871754672]}"
20200314T050649_20200314T051939_T43PHQ_6,-18434.0,-5557.5,-0.41357592722183345,-0.28284124946512623,-0.272885032537961,2020-03-14 05:25:14,"{""type"":""Point"",""coordinates"":[78.44728713133662,13.154421994809873]}"
20200314T050649_20200314T051939_T43PHQ_7,-16504.5,-5274.75,-0.5044699872286079,-0.3365631233969792,-0.328526103259302,2020-03-14 05:25:14,"{""type"":""Point"",""coordinates"":[78.6685633848612,13.42648195272544]}"
20200314T050649_20200314T051939_T43PHQ_8,-19325.25,-5667.0,-0.5115661736822147,-0.38402678144428504,-0.2818511290772233,2020-03-14 05:25:14,"{""type"":""Point"",""coordinates"":[78.53625708568862,13.398857569739622]}"
20200314T050649_20200314T051939_T43PHQ_9,-16472.5,-4861.25,-0.340221134674642,-0.24119241192411925,-0.26181301967146625,2020-03-14 05:25:14,"{""type"":""Point"",""coordinates"":[78.41007188651287,13.159892406141664]}"
20200319T050651_20200319T051246_T43PHQ_0,-10593.0,-3093.0,-0.4172619047619048,-0.25692599620493356,-0.27561968183499813,2020-03-19 05:25:13,"{""type"":""Point"",""coordinates"":[78.15656917243544,12.826418155727978]}"
20200319T050651_20200319T051246_T43PHQ_1,-9035.25,-2808.0,-0.43040975279376903,-0.21143928738865447,-0.30895645028759244,2020-03-19 05:25:13,"{""type"":""Point"",""coordinates"":[78.74163931502379,12.780724791715844]}"
20200319T050651_20200319T051246_T43PHQ_2,-20748.0,-6054.75,-0.33525852585258525,-0.20204688015846814,-0.23874015748031496,2020-03-19 05:25:13,"{""type"":""Point"",""coordinates"":[77.9756836721797,13.447137548045394]}"
20200319T050651_20200319T051246_T43PHQ_3,-14096.75,-4895.25,-0.4292206316746194,-0.2592155706281333,-0.3614641586171835,2020-03-19 05:25:13,"{""type"":""Point"",""coordinates"":[77.8583194257387,12.642488191446043]}"
20200319T050651_20200319T051246_T43PHQ_4,-11696.5,-3333.25,-0.3907563025210084,-0.24454575056984695,-0.2556945781199872,2020-03-19 05:25:13,"{""type"":""Point"",""coordinates"":[77.8488947210855,12.928129788553226]}"
20200319T050651_20200319T051246_T43PHQ_5,-12499.75,-4057.0,-0.4801641586867305,-0.31308749096167754,-0.3432423090217767,2020-03-19 05:25:13,"{""type"":""Point"",""coordinates"":[78.76999819878446,13.123839871754672]}"
20200319T050651_20200319T051246_T43PHQ_6,-18951.5,-5644.75,-0.41970678486191615,-0.2829155255951127,-0.263362908461372,2020-03-19 05:25:13,"{""type"":""Point"",""coordinates"":[78.44728713133662,13.154421994809873]}"
20200319T050651_20200319T051246_T43PHQ_7,-16426.25,-5261.5,-0.49628686611500106,-0.3303244005641749,-0.3274787535410765,2020-03-19 05:25:13,"{""type"":""Point"",""coordinates"":[78.6685633848612,13.42648195272544]}"
20200319T050651_20200319T051246_T43PHQ_8,-19984.25,-5850.75,-0.5130976369298407,-0.38329466357308584,-0.2735720142115332,2020-03-19 05:25:13,"{""type"":""Point"",""coordinates"":[78.53625708568862,13.398857569739622]}"
20200319T050651_20200319T051246_T43PHQ_9,-18947.0,-5610.5,-0.35672131147540986,-0.2700892857142857,-0.27063197026022306,2020-03-19 05:25:13,"{""type"":""Point"",""coordinates"":[78.41007188651287,13.159892406141664]}"
20200324T050649_20200324T052110_T43PHQ_0,-9143.5,-2638.0,-0.3562577447335812,-0.17768104471705579,-0.2695957820738137,2020-03-24 05:25:14,"{""type"":""Point"",""coordinates"":[78.15656917243544,12.826418155727978]}"
20200324T050649_20200324T052110_T43PHQ_1,-8121.0,-2222.25,-0.38333333333333336,-0.15549215406562053,-0.24199743918053776,2020-03-24 05:25:14,"{""type"":""Point"",""coordinates"":[78.74163931502379,12.780724791715844]}"
20200324T050649_20200324T052110_T43PHQ_2,-19150.25,-5813.75,-0.36585365853658536,-0.24295708073359804,-0.27014218009478674,2020-03-24 05:25:14,"{""type"":""Point"",""coordinates"":[77.9756836721797,13.447137548045394]}"
20200324T050649_20200324T052110_T43PHQ_3,-15059.0,-4888.25,-0.45260347129506007,-0.30133484805453,-0.3388873958613276,2020-03-24 05:25:14,"{""type"":""Point"",""coordinates"":[77.8583194257387,12.642488191446043]}"
20200324T050649_20200324T052110_T43PHQ_4,-12302.5,-3532.75,-0.40298507462686567,-0.2510314185972707,-0.2673082893511332,2020-03-24 05:25:14,"{""type"":""Point"",""coordinates"":[77.8488947210855,12.928129788553226]}"
20200324T050649_20200324T052110_T43PHQ_5,-11943.0,-3656.0,-0.43893333333333334,-0.254957507082153,-0.2977303070761015,2020-03-24 05:25:14,"{""type"":""Point"",""coordinates"":[78.76999819878446,13.123839871754672]}"
20200324T050649_20200324T052110_T43PHQ_6,-18851.25,-5585.25,-0.43336244541484714,-0.2967699978322133,-0.2677200902934537,2020-03-24 05:25:14,"{""type"":""Point"",""coordinates"":[78.44728713133662,13.154421994809873]}"
20200324T050649_20200324T052110_T43PHQ_7,-16708.75,-5185.5,-0.4955067920585162,-0.33406896551724136,-0.31185860889395667,2020-03-24 05:25:14,"{""type"":""Point"",""coordinates"":[78.6685633848612,13.42648195272544]}"
20200324T050649_20200324T052110_T43PHQ_8,-18709.25,-5401.0,-0.47924809231341897,-0.33993866477942913,-0.2629083245521602,2020-03-24 05:25:14,"{""type"":""Point"",""coordinates"":[78.53625708568862,13.398857569739622]}"
20200324T050649_20200324T052110_T43PHQ_9,-17553.0,-5180.0,-0.3639661426844015,-0.24409772120714432,-0.26521652364797443,2020-03-24 05:25:14,"{""type"":""Point"",""coordinates"":[78.41007188651287,13.159892406141664]}"
20200329T050651_20200329T051221_T43PHQ_0,-10172.25,-3257.5,-0.41119221411192214,-0.23417721518987342,-0.3242582897033159,2020-03-29 05:25:12,"{""type"":""Point"",""coordinates"":[78.15656917243544,12.826418155727978]}"
20200329T050651_20200329T051221_T43PHQ_1,-9105.0,-2726.0,-0.42321846771495486,-0.21350364963503649,-0.28524046434494194,2020-03-29 05:25:12,"{""type"":""Point"",""coordinates"":[78.74163931502379,12.780724791715844]}"
20200329T050651_20200329T051221_T43PHQ_2,-20802.5,-6034.25,-0.301986218078638,-0.2066953316953317,-0.24185500440270033,2020-03-29 05:25:12,"{""type"":""Point"",""coordinates"":[77.9756836721797,13.447137548045394]}"
20200329T050651_20200329T051221_T43PHQ_3,-14264.75,-5218.5,-0.44765006979990696,-0.28644424406372104,-0.39469658337582864,2020-03-29 05:25:12,"{""type"":""Point"",""coordinates"":[77.8583194257387,12.642488191446043]}"
20200329T050651_20200329T051221_T43PHQ_4,-12881.0,-4570.0,-0.45152928978745466,-0.2923076923076923,-0.3880855986119144,2020-03-29 05:25:12,"{""type"":""Point"",""coordinates"":[77.8488947210855,12.928129788553226]}"
20200329T050651_20200329T051221_T43PHQ_5,-12832.0,-4117.5,-0.478146392838336,-0.30137469157560803,-0.32972607372336826,2020-03-29 05:25:12,"{""type"":""Point"",""coordinates"":[78.76999819878446,13.123839871754672]}"
20200329T050651_20200329T051221_T43PHQ_6,-19437.75,-5773.75,-0.42896174863387976,-0.30608009960572735,-0.2752492414390984,2020-03-29 05:25:12,"{""type"":""Point"",""coordinates"":[78.44728713133662,13.154421994809873]}"
20200329T050651_20200329T051221_T43PHQ_7,-17072.0,-5516.5,-0.5040532113905632,-0.3468382151656173,-0.3410660038663353,2020-03-29 05:25:12,"{""type"":""Point"",""coordinates"":[78.6685633848612,13.42648195272544]}"
20200329T050651_20200329T051221_T43PHQ_8,-20247.25,-5921.5,-0.4966252220248668,-0.36867899309423036,-0.2692109334708613,2020-03-29 05:25:12,"{""type"":""Point"",""coordinates"":[78.53625708568862,13.398857569739622]}"
20200329T050651_20200329T051221_T43PHQ_9,-18725.75,-5385.0,-0.35514477343366596,-0.2594401653203081,-0.25142423091530575,2020-03-29 05:25:12,"{""type"":""Point"",""coordinates"":[78.41007188651287,13.159892406141664]}"
20200413T050649_20200413T051427_T43PHQ_0,-14023.25,-4761.25,-0.4946445959104187,-0.3031218529707956,-0.36474908200734396,2020-04-13 05:25:10,"{""type"":""Point"",""coordinates"":[78.169262877989,12.943299752553477]}"
20200413T050649_20200413T051427_T43PHQ_1,-16865.75,-5492.25,-0.3493071593533487,-0.008577083791510886,-0.21925874610322132,2020-04-13 05:25:10,"{""type"":""Point"",""coordinates"":[77.7994095802345,13.250209556948095]}"
20200413T050649_20200413T051427_T43PHQ_2,-14177.25,-4205.0,-0.40035666518056173,-0.2680272108843537,-0.2706073752711497,2020-04-13 05:25:10,"{""type"":""Point"",""coordinates"":[78.57798737384012,13.462643786283277]}"
20200413T050649_20200413T051427_T43PHQ_3,-14424.5,-4646.0,-0.4802286803239638,-0.31876365906962223,-0.3389881853983641,2020-04-13 05:25:10,"{""type"":""Point"",""coordinates"":[77.87842382412622,12.947734187724361]}"
20200413T050649_20200413T051427_T43PHQ_4,-14618.25,-4815.0,-0.48535463568143306,-0.3468509984639017,-0.3642344497607656,2020-04-13 05:25:10,"{""type"":""Point"",""coordinates"":[78.68936705994774,12.825229998267766]}"
20200413T050649_20200413T051427_T43PHQ_5,-15980.75,-5282.25,-0.5140813589628968,-0.3498803827751196,-0.35737511084835943,2020-04-13 05:25:10,"{""type"":""Point"",""coordinates"":[78.77055444739162,13.150686995360534]}"
20200413T050649_20200413T051427_T43PHQ_6,-17913.0,-5292.25,-0.48534981064381105,-0.3627838104639684,-0.2851605758582503,2020-04-13 05:25:10,"{""type"":""Point"",""coordinates"":[78.45344799590428,13.164854821349767]}"
20200413T050649_20200413T051427_T43PHQ_7,-16386.5,-4682.25,-0.46394786630229135,-0.3331589958158996,-0.26512968299711814,2020-04-13 05:25:10,"{""type"":""Point"",""coordinates"":[78.66847093476,13.280290803137229]}"
20200413T050649_20200413T051427_T43PHQ_8,-21742.25,-6096.75,-0.4193937565977982,-0.3007628042135852,-0.2310764929099261,2020-04-13 05:25:10,"{""type"":""Point"",""coordinates"":[78.53649752776545,13.269604511017766]}"
20200413T050649_20200413T051427_T43PHQ_9,-19085.75,-5783.0,-0.4893037728510307,-0.39867185711014425,-0.31003678402522333,2020-04-13 05:25:10,"{""type"":""Point"",""coordinates"":[78.41499640774569,13.032876827463642]}"
20200528T050701_20200528T051513_T43PHQ_0,-8150.75,-2112.0,-0.3207788062559847,-0.11920529801324503,-0.21620626151012892,2020-05-28 05:25:22,"{""type"":""Point"",""coordinates"":[78.15656917243544,12.826418155727978]}"
20200528T050701_20200528T051513_T43PHQ_1,-9041.75,-2380.25,-0.3841329570398244,-0.16389953171562366,-0.21815286624203822,2020-05-28 05:25:22,"{""type"":""Point"",""coordinates"":[78.74163931502379,12.780724791715844]}"
20200528T050701_20200528T051513_T43PHQ_2,-19251.0,-5545.0,-0.33255542590431736,-0.18865248226950354,-0.22962962962962963,2020-05-28 05:25:22,"{""type"":""Point"",""coordinates"":[77.9756836721797,13.447137548045394]}"
20200528T050701_20200528T051513_T43PHQ_3,-4559.0,-2224.5,-0.16186252771618626,0.17391304347826086,-0.3671875,2020-05-28 05:25:22,"{""type"":""Point"",""coordinates"":[77.8583194257387,12.642488191446043]}"
20200528T050701_20200528T051513_T43PHQ_4,-9251.5,-3527.25,-0.33295995519462335,-0.08101851851851852,-0.3668261562998405,2020-05-28 05:25:22,"{""type"":""Point"",""coordinates"":[77.8488947210855,12.928129788553226]}"
20200528T050701_20200528T051513_T43PHQ_5,-12870.0,-3755.5,-0.4480682388359257,-0.2691029900332226,-0.2651970607882432,2020-05-28 05:25:22,"{""type"":""Point"",""coordinates"":[78.76999819878446,13.123839871754672]}"
20200528T050701_20200528T051513_T43PHQ_6,-14123.75,-4221.75,-0.36394626027671945,-0.17374316228184422,-0.2550493189290747,2020-05-28 05:25:22,"{""type"":""Point"",""coordinates"":[78.44728713133662,13.154421994809873]}"
20200528T050701_20200528T051513_T43PHQ_7,-14259.5,-4644.25,-0.43644716692189894,-0.23081516870707675,-0.3103078982597055,2020-05-28 05:25:22,"{""type"":""Point"",""coordinates"":[78.6685633848612,13.42648195272544]}"
20200528T050701_20200528T051513_T43PHQ_8,-20445.5,-5906.5,-0.47202974480310966,-0.33503618561089826,-0.24903846153846154,2020-05-28 05:25:22,"{""type"":""Point"",""coordinates"":[78.53625708568862,13.398857569739622]}"
20200528T050701_20200528T051513_T43PHQ_9,-14666.0,-4117.0,-0.3260952380952381,-0.18797337617626808,-0.22632844959545156,2020-05-28 05:25:22,"{""type"":""Point"",""coordinates"":[78.41007188651287,13.159892406141664]}"
20201229T051219_20201229T052415_T43PHQ_0,-6469.75,-3105.0,-0.3345993163691606,0.006896551724137931,-0.4446909667194929,2020-12-29 05:25:14,"{""type"":""Point"",""coordinates"":[78.15656917243544,12.826418155727978]}"
20201229T051219_20201229T052415_T43PHQ_1,-8763.75,-1986.75,-0.15237265999129299,0.014590932777488274,-0.22135572885422916,2020-12-29 05:25:14,"{""type"":""Point"",""coordinates"":[78.74163931502379,12.780724791715844]}"
20201229T051219_20201229T052415_T43PHQ_2,-14413.5,-4479.75,-0.2953977880841955,-0.12222222222222222,-0.2627846211272863,2020-12-29 05:25:14,"{""type"":""Point"",""coordinates"":[77.9756836721797,13.447137548045394]}"
20201229T051219_20201229T052415_T43PHQ_3,-7844.0,-2507.75,-0.3374485596707819,-0.13090418353576247,-0.30277878022374594,2020-12-29 05:25:14,"{""type"":""Point"",""coordinates"":[77.8583194257387,12.642488191446043]}"
20201229T051219_20201229T052415_T43PHQ_4,-7181.75,-2328.75,-0.3279380717804363,-0.06829268292682927,-0.29908256880733947,2020-12-29 05:25:14,"{""type"":""Point"",""coordinates"":[77.8488947210855,12.928129788553226]}"
20201229T051219_20201229T052415_T43PHQ_5,-6614.5,-2757.25,-0.3591331269349845,-0.029876977152899824,-0.4019501625135428,2020-12-29 05:25:14,"{""type"":""Point"",""coordinates"":[78.76999819878446,13.123839871754672]}"
20201229T051219_20201229T052415_T43PHQ_6,-12493.25,-4578.5,-0.43617545588960077,-0.20665742024965325,-0.3743505605687722,2020-12-29 05:25:14,"{""type"":""Point"",""coordinates"":[78.44728713133662,13.154421994809873]}"
20201229T051219_20201229T052415_T43PHQ_7,-3849.0,-1310.0,-0.18483855872718766,0.12459651387992253,-0.30012053033346725,2020-12-29 05:25:14,"{""type"":""Point"",""coordinates"":[78.6685633848612,13.42648195272544]}"
20201229T051219_20201229T052415_T43PHQ_8,-9020.75,-3955.75,-0.3921808185705559,-0.08799266727772685,-0.4276675294794363,2020-12-29 05:25:14,"{""type"":""Point"",""coordinates"":[78.53625708568862,13.398857569739622]}"
20201229T051219_20201229T052415_T43PHQ_9,-10181.75,-3713.75,-0.31620553359683795,-0.0720750921890714,-0.3151904997525977,2020-12-29 05:25:14,"{""type"":""Point"",""coordinates"":[78.41007188651287,13.159892406141664]}"
20210123T051121_20210123T052426_T43PHQ_0,-6979.75,-2857.0,-0.31649948114839155,-0.008032128514056224,-0.38690660874961214,2021-01-23 05:25:17,"{""type"":""Point"",""coordinates"":[78.15656917243544,12.826418155727978]}"
20210123T051121_20210123T052426_T43PHQ_1,-586.75,61.25,0.1,0.48177496038034867,-0.22245322245322247,2021-01-23 05:25:17,"{""type"":""Point"",""coordinates"":[78.74163931502379,12.780724791715844]}"
20210123T051121_20210123T052426_T43PHQ_2,-13393.5,-3875.0,-0.2479574387231617,-0.1486341148634115,-0.2536300207429757,2021-01-23 05:25:17,"{""type"":""Point"",""coordinates"":[77.9756836721797,13.447137548045394]}"
20210123T051121_20210123T052426_T43PHQ_3,-6089.75,-2420.5,-0.20695309937684486,0.05913272010512484,-0.3389830508474576,2021-01-23 05:25:17,"{""type"":""Point"",""coordinates"":[77.8583194257387,12.642488191446043]}"
20210123T051121_20210123T052426_T43PHQ_4,-8222.75,-2873.25,-0.337012987012987,-0.11601731601731602,-0.34656,2021-01-23 05:25:17,"{""type"":""Point"",""coordinates"":[77.8488947210855,12.928129788553226]}"
20210123T051121_20210123T052426_T43PHQ_5,-7445.0,-3065.25,-0.3499308437067773,-0.04810126582278481,-0.4018453706649698,2021-01-23 05:25:17,"{""type"":""Point"",""coordinates"":[78.76999819878446,13.123839871754672]}"
20210123T051121_20210123T052426_T43PHQ_6,-13202.25,-4359.25,-0.4153414405986904,-0.22910884983040394,-0.3279569892473118,2021-01-23 05:25:17,"{""type"":""Point"",""coordinates"":[78.44728713133662,13.154421994809873]}"
20210123T051121_20210123T052426_T43PHQ_7,-7487.75,-2689.25,-0.3333333333333333,-0.06252983293556086,-0.3404969778374748,2021-01-23 05:25:17,"{""type"":""Point"",""coordinates"":[78.6685633848612,13.42648195272544]}"
20210123T051121_20210123T052426_T43PHQ_8,-11908.75,-3631.5,-0.44575093532870125,-0.250993138317082,-0.29263301500682126,2021-01-23 05:25:17,"{""type"":""Point"",""coordinates"":[78.53625708568862,13.398857569739622]}"
20210123T051121_20210123T052426_T43PHQ_9,-13134.25,-4392.5,-0.38777372262773724,-0.21105232216343328,-0.33217218213485944,2021-01-23 05:25:17,"{""type"":""Point"",""coordinates"":[78.41007188651287,13.159892406141664]}"
20210207T050959_20210207T051907_T43PHQ_0,-8200.25,-3466.75,-0.3901060070671378,-0.15309126594700687,-0.43869918699186994,2021-02-07 05:25:15,"{""type"":""Point"",""coordinates"":[78.15656917243544,12.826418155727978]}"
20210207T050959_20210207T051907_T43PHQ_1,-5558.75,-2677.25,-0.34449977365323675,-0.010252904989747095,-0.4544084400904295,2021-02-07 05:25:15,"{""type"":""Point"",""coordinates"":[78.74163931502379,12.780724791715844]}"
20210207T050959_20210207T051907_T43PHQ_2,-16751.75,-5243.25,-0.29849538909561557,-0.17109539285031541,-0.2727272727272727,2021-02-07 05:25:15,"{""type"":""Point"",""coordinates"":[77.9756836721797,13.447137548045394]}"
20210207T050959_20210207T051907_T43PHQ_3,-7243.0,-4714.5,-0.2391499551032625,0.05784436121514773,-0.49231076492909925,2021-02-07 05:25:15,"{""type"":""Point"",""coordinates"":[77.8583194257387,12.642488191446043]}"
20210207T050959_20210207T051907_T43PHQ_4,-9498.5,-2807.75,-0.40492610837438425,-0.24906755076668047,-0.3017341040462428,2021-02-07 05:25:15,"{""type"":""Point"",""coordinates"":[77.8488947210855,12.928129788553226]}"
20210207T050959_20210207T051907_T43PHQ_5,-8048.0,-3248.75,-0.39575081022686354,-0.15338042381432895,-0.41614474599860823,2021-02-07 05:25:15,"{""type"":""Point"",""coordinates"":[78.76999819878446,13.123839871754672]}"
20210207T050959_20210207T051907_T43PHQ_6,-16038.0,-5177.0,-0.45606157793457347,-0.3244822092405735,-0.3412739513205593,2021-02-07 05:25:15,"{""type"":""Point"",""coordinates"":[78.44728713133662,13.154421994809873]}"
20210207T050959_20210207T051907_T43PHQ_7,-8815.75,-3456.25,-0.39159439626417614,-0.17577948486217804,-0.4077922077922078,2021-02-07 05:25:15,"{""type"":""Point"",""coordinates"":[78.6685633848612,13.42648195272544]}"
20210207T050959_20210207T051907_T43PHQ_8,-15478.25,-4832.5,-0.5247524752475248,-0.373134328358209,-0.33178654292343385,2021-02-07 05:25:15,"{""type"":""Point"",""coordinates"":[78.53625708568862,13.398857569739622]}"
20210207T050959_20210207T051907_T43PHQ_9,-14349.5,-4756.25,-0.378509605235381,-0.228713649462929,-0.3289263733758833,2021-02-07 05:25:15,"{""type"":""Point"",""coordinates"":[78.41007188651287,13.159892406141664]}"
20210304T050711_20210304T051314_T43PHQ_0,-9520.25,-3283.5,-0.40057636887608067,-0.21934945788156798,-0.35868448098663924,2021-03-04 05:25:16,"{""type"":""Point"",""coordinates"":[78.15656917243544,12.826418155727978]}"
20210304T050711_20210304T051314_T43PHQ_1,-6664.25,-2420.75,-0.3673469387755102,-0.10817031070195628,-0.36449364493644937,2021-03-04 05:25:16,"{""type"":""Point"",""coordinates"":[78.74163931502379,12.780724791715844]}"
20210304T050711_20210304T051314_T43PHQ_2,-17812.25,-5330.0,-0.33784452880013205,-0.2263787119166988,-0.27358319753757016,2021-03-04 05:25:16,"{""type"":""Point"",""coordinates"":[77.9756836721797,13.447137548045394]}"
20210304T050711_20210304T051314_T43PHQ_3,-11422.0,-4997.25,-0.375,-0.16581892166836215,-0.440018210789893,2021-03-04 05:25:16,"{""type"":""Point"",""coordinates"":[77.8583194257387,12.642488191446043]}"
20210304T050711_20210304T051314_T43PHQ_4,-10292.25,-2995.25,-0.3856554967666079,-0.22991893883566691,-0.26999650716032136,2021-03-04 05:25:16,"{""type"":""Point"",""coordinates"":[77.8488947210855,12.928129788553226]}"
20210304T050711_20210304T051314_T43PHQ_5,-9257.0,-3605.75,-0.43367003367003365,-0.21621621621621623,-0.4211975223675155,2021-03-04 05:25:16,"{""type"":""Point"",""coordinates"":[78.76999819878446,13.123839871754672]}"
20210304T050711_20210304T051314_T43PHQ_6,-17006.25,-5402.75,-0.46824104234527686,-0.3317984139166027,-0.32991277578245254,2021-03-04 05:25:16,"{""type"":""Point"",""coordinates"":[78.44728713133662,13.154421994809873]}"
20210304T050711_20210304T051314_T43PHQ_7,-10831.75,-4125.25,-0.41294642857142855,-0.19602598395108903,-0.3960964408725603,2021-03-04 05:25:16,"{""type"":""Point"",""coordinates"":[78.6685633848612,13.42648195272544]}"
20210304T050711_20210304T051314_T43PHQ_8,-17203.75,-5239.75,-0.5007262917617763,-0.3573717948717949,-0.3044232437120555,2021-03-04 05:25:16,"{""type"":""Point"",""coordinates"":[78.53625708568862,13.398857569739622]}"
20210304T050711_20210304T051314_T43PHQ_9,-15827.5,-4907.5,-0.4208588957055215,-0.2808532249873032,-0.30177514792899407,2021-03-04 05:25:16,"{""type"":""Point"",""coordinates"":[78.41007188651287,13.159892406141664]}"
20210309T050649_20210309T051857_T43PHQ_0,-10151.25,-3477.5,-0.42408693027467553,-0.21287128712871287,-0.34410450326572706,2021-03-09 05:25:16,"{""type"":""Point"",""coordinates"":[78.15656917243544,12.826418155727978]}"
20210309T050649_20210309T051857_T43PHQ_1,-7269.75,-2616.5,-0.4149821640903686,-0.13986013986013987,-0.3602080624187256,2021-03-09 05:25:16,"{""type"":""Point"",""coordinates"":[78.74163931502379,12.780724791715844]}"
20210309T050649_20210309T051857_T43PHQ_2,-19343.5,-5710.75,-0.36085300837776085,-0.21789375582479031,-0.25483928254306515,2021-03-09 05:25:16,"{""type"":""Point"",""coordinates"":[77.9756836721797,13.447137548045394]}"
20210309T050649_20210309T051857_T43PHQ_3,-13255.5,-4278.0,-0.45352686529157116,-0.30930157708400385,-0.3345736434108527,2021-03-09 05:25:16,"{""type"":""Point"",""coordinates"":[77.8583194257387,12.642488191446043]}"
20210309T050649_20210309T051857_T43PHQ_4,-10983.75,-3344.75,-0.3962900505902192,-0.2428621783574198,-0.29712041884816753,2021-03-09 05:25:16,"{""type"":""Point"",""coordinates"":[77.8488947210855,12.928129788553226]}"
20210309T050649_20210309T051857_T43PHQ_5,-9677.75,-3734.0,-0.44487678339818415,-0.21969006381039197,-0.4090438384535727,2021-03-09 05:25:16,"{""type"":""Point"",""coordinates"":[78.76999819878446,13.123839871754672]}"
20210309T050649_20210309T051857_T43PHQ_6,-17534.0,-5358.25,-0.45461658841940533,-0.32867806405008426,-0.3024768576432324,2021-03-09 05:25:16,"{""type"":""Point"",""coordinates"":[78.44728713133662,13.154421994809873]}"
20210309T050649_20210309T051857_T43PHQ_7,-11388.0,-4465.0,-0.4496793978254809,-0.22920734088246777,-0.42230026338893767,2021-03-09 05:25:16,"{""type"":""Point"",""coordinates"":[78.6685633848612,13.42648195272544]}"
20210309T050649_20210309T051857_T43PHQ_8,-17639.25,-5564.75,-0.5109205960400082,-0.36259643522213353,-0.3223981900452489,2021-03-09 05:25:16,"{""type"":""Point"",""coordinates"":[78.53625708568862,13.398857569739622]}"
20210309T050649_20210309T051857_T43PHQ_9,-16406.0,-5186.25,-0.43988853503184716,-0.28104241185487994,-0.3126526624328285,2021-03-09 05:25:16,"{""type"":""Point"",""coordinates"":[78.41007188651287,13.159892406141664]}"
20210314T050651_20210314T051944_T43PHQ_0,-10377.25,-3441.25,-0.4350866524779568,-0.24101307189542484,-0.3441581362513237,2021-03-14 05:25:16,"{""type"":""Point"",""coordinates"":[78.15656917243544,12.826418155727978]}"
20210314T050651_20210314T051944_T43PHQ_1,-7610.75,-2499.25,-0.40114285714285713,-0.16427432216905902,-0.3270547945205479,2021-03-14 05:25:16,"{""type"":""Point"",""coordinates"":[78.74163931502379,12.780724791715844]}"
20210314T050651_20210314T051944_T43PHQ_2,-17968.25,-5185.0,-0.27824175824175823,-0.1609606540623403,-0.23793316831683167,2021-03-14 05:25:16,"{""type"":""Point"",""coordinates"":[77.9756836721797,13.447137548045394]}"
20210314T050651_20210314T051944_T43PHQ_3,-12720.25,-4174.25,-0.43573988735279057,-0.2776138970829236,-0.33454106280193235,2021-03-14 05:25:16,"{""type"":""Point"",""coordinates"":[77.8583194257387,12.642488191446043]}"
20210314T050651_20210314T051944_T43PHQ_4,-11439.25,-3649.75,-0.42567567567567566,-0.27116827438370844,-0.32360742705570295,2021-03-14 05:25:16,"{""type"":""Point"",""coordinates"":[77.8488947210855,12.928129788553226]}"
20210314T050651_20210314T051944_T43PHQ_5,-9739.75,-3755.5,-0.4384010484927916,-0.2419283502874834,-0.4217273954116059,2021-03-14 05:25:16,"{""type"":""Point"",""coordinates"":[78.76999819878446,13.123839871754672]}"
20210314T050651_20210314T051944_T43PHQ_6,-18023.5,-5621.75,-0.45454545454545453,-0.30823863636363635,-0.3046168491194669,2021-03-14 05:25:16,"{""type"":""Point"",""coordinates"":[78.44728713133662,13.154421994809873]}"
20210314T050651_20210314T051944_T43PHQ_7,-12098.75,-4593.0,-0.4502118644067797,-0.24233576642335766,-0.4087154656792936,2021-03-14 05:25:16,"{""type"":""Point"",""coordinates"":[78.6685633848612,13.42648195272544]}"
20210314T050651_20210314T051944_T43PHQ_8,-18881.75,-5829.75,-0.5243687610099824,-0.38821752265861026,-0.31568572233173753,2021-03-14 05:25:16,"{""type"":""Point"",""coordinates"":[78.53625708568862,13.398857569739622]}"
20210314T050651_20210314T051944_T43PHQ_9,-17402.0,-5270.25,-0.4144809752493535,-0.2788898999090082,-0.2742673992673993,2021-03-14 05:25:16,"{""type"":""Point"",""coordinates"":[78.41007188651287,13.159892406141664]}"
20210319T050649_20210319T051915_T43PHQ_0,-8566.75,-1778.0,-0.33933518005540164,-0.24405705229793978,-0.15984147952443858,2021-03-19 05:25:16,"{""type"":""Point"",""coordinates"":[78.15656917243544,12.826418155727978]}"
20210319T050649_20210319T051915_T43PHQ_1,-6777.75,-1862.5,-0.30485155684286747,-0.06614785992217899,-0.2449862367282737,2021-03-19 05:25:16,"{""type"":""Point"",""coordinates"":[78.74163931502379,12.780724791715844]}"
20210319T050649_20210319T051915_T43PHQ_2,-20011.75,-6083.25,-0.36090686274509803,-0.2548669405250938,-0.2799447704521919,2021-03-19 05:25:16,"{""type"":""Point"",""coordinates"":[77.9756836721797,13.447137548045394]}"
20210319T050649_20210319T051915_T43PHQ_3,-13987.0,-4173.5,-0.45066666666666666,-0.3184962406015038,-0.2973643410852713,2021-03-19 05:25:16,"{""type"":""Point"",""coordinates"":[77.8583194257387,12.642488191446043]}"
20210319T050649_20210319T051915_T43PHQ_4,-11128.5,-3540.75,-0.39623685666851133,-0.23812849162011174,-0.315987460815047,2021-03-19 05:25:16,"{""type"":""Point"",""coordinates"":[77.8488947210855,12.928129788553226]}"
20210319T050649_20210319T051915_T43PHQ_5,-9393.0,-3273.75,-0.4069182389937107,-0.17857142857142858,-0.3558743169398907,2021-03-19 05:25:16,"{""type"":""Point"",""coordinates"":[78.76999819878446,13.123839871754672]}"
20210319T050649_20210319T051915_T43PHQ_6,-17870.25,-5397.0,-0.44871794871794873,-0.3136150234741784,-0.28421052631578947,2021-03-19 05:25:16,"{""type"":""Point"",""coordinates"":[78.44728713133662,13.154421994809873]}"
20210319T050649_20210319T051915_T43PHQ_7,-11926.5,-4341.75,-0.43034055727554177,-0.20945220193340494,-0.37679932260795934,2021-03-19 05:25:16,"{""type"":""Point"",""coordinates"":[78.6685633848612,13.42648195272544]}"
20210319T050649_20210319T051915_T43PHQ_8,-18741.25,-5678.5,-0.5063266497956005,-0.3787359137677609,-0.3076713076713077,2021-03-19 05:25:16,"{""type"":""Point"",""coordinates"":[78.53625708568862,13.398857569739622]}"
20210319T050649_20210319T051915_T43PHQ_9,-16127.25,-4801.0,-0.39285714285714285,-0.25053330173026783,-0.27075645756457567,2021-03-19 05:25:16,"{""type"":""Point"",""coordinates"":[78.41007188651287,13.159892406141664]}"
20210428T050649_20210428T052121_T43PHQ_0,-9790.25,-2537.0,-0.3451173572877427,-0.19112383679312814,-0.22893210508358922,2021-04-28 05:25:12,"{""type"":""Point"",""coordinates"":[78.15656917243544,12.826418155727978]}"
20210428T050649_20210428T052121_T43PHQ_1,-8019.0,-1865.0,-0.3324750563244287,-0.1041036717062635,-0.17926394934705184,2021-04-28 05:25:12,"{""type"":""Point"",""coordinates"":[78.74163931502379,12.780724791715844]}"
20210428T050649_20210428T052121_T43PHQ_2,-20379.5,-6151.25,-0.37884378843788435,-0.2679833303134626,-0.2817777777777778,2021-04-28 05:25:12,"{""type"":""Point"",""coordinates"":[77.9756836721797,13.447137548045394]}"
20210428T050649_20210428T052121_T43PHQ_3,-14044.0,-3539.25,-0.3534902597402597,-0.1938259109311741,-0.19300911854103345,2021-04-28 05:25:12,"{""type"":""Point"",""coordinates"":[77.8583194257387,12.642488191446043]}"
20210428T050649_20210428T052121_T43PHQ_4,-11100.75,-3670.5,-0.36656282450674976,-0.18230563002680966,-0.32726771436448854,2021-04-28 05:25:12,"{""type"":""Point"",""coordinates"":[77.8488947210855,12.928129788553226]}"
20210428T050649_20210428T052121_T43PHQ_5,-9152.25,-3204.5,-0.3551020408163265,-0.10154346060113728,-0.33192389006342493,2021-04-28 05:25:12,"{""type"":""Point"",""coordinates"":[78.76999819878446,13.123839871754672]}"
20210428T050649_20210428T052121_T43PHQ_6,-17465.25,-5058.0,-0.42664165103189494,-0.29422632794457276,-0.26942385847477884,2021-04-28 05:25:12,"{""type"":""Point"",""coordinates"":[78.44728713133662,13.154421994809873]}"
20210428T050649_20210428T052121_T43PHQ_7,-12495.75,-3978.0,-0.4151572926596759,-0.18983162759986794,-0.30204778156996587,2021-04-28 05:25:12,"{""type"":""Point"",""coordinates"":[78.6685633848612,13.42648195272544]}"
20210428T050649_20210428T052121_T43PHQ_8,-17287.5,-5201.75,-0.4436204601635292,-0.28946090335114133,-0.28284313725490196,2021-04-28 05:25:12,"{""type"":""Point"",""coordinates"":[78.53625708568862,13.398857569739622]}"
20210428T050649_20210428T052121_T43PHQ_9,-15835.0,-4628.5,-0.39943797671617826,-0.2734337056823701,-0.2797303803562831,2021-04-28 05:25:12,"{""type"":""Point"",""coordinates"":[78.41007188651287,13.159892406141664]}"
20211219T051231_20211219T051225_T43PHQ_0,-981.5,139.75,0.0244926522043387,0.3903133903133903,-0.13218731475992887,2021-12-19 05:25:17,"{""type"":""Point"",""coordinates"":[78.15656917243544,12.826418155727978]}"
20211219T051231_20211219T051225_T43PHQ_1,-5294.25,-3264.5,-0.2881773399014778,0.12964169381107493,-0.49942263279445726,2021-12-19 05:25:17,"{""type"":""Point"",""coordinates"":[78.74163931502379,12.780724791715844]}"
20211219T051231_20211219T051225_T43PHQ_2,-8678.75,-2876.75,-0.14007204916295826,0.036791006642820645,-0.2530830112276827,2021-12-19 05:25:17,"{""type"":""Point"",""coordinates"":[77.9756836721797,13.447137548045394]}"
20211219T051231_20211219T051225_T43PHQ_3,-7578.0,-2006.75,-0.30286113049546404,-0.1476109215017065,-0.23972602739726026,2021-12-19 05:25:17,"{""type"":""Point"",""coordinates"":[77.8583194257387,12.642488191446043]}"
20211219T051231_20211219T051225_T43PHQ_4,-9166.5,-3663.25,-0.4115308151093439,-0.19674355495251017,-0.4324065196548418,2021-12-19 05:25:17,"{""type"":""Point"",""coordinates"":[77.8488947210855,12.928129788553226]}"
20211219T051231_20211219T051225_T43PHQ_5,-6484.0,-2959.0,-0.3551737914502597,-0.03985722784057109,-0.44440619621342514,2021-12-19 05:25:17,"{""type"":""Point"",""coordinates"":[78.76999819878446,13.123839871754672]}"
20211219T051231_20211219T051225_T43PHQ_6,-9140.5,-4012.25,-0.3644524236983842,-0.10493046776232617,-0.42826379542395693,2021-12-19 05:25:17,"{""type"":""Point"",""coordinates"":[78.44728713133662,13.154421994809873]}"
20211219T051231_20211219T051225_T43PHQ_7,-5368.0,-2471.5,-0.29273597216180947,0.013084112149532711,-0.4203208556149733,2021-12-19 05:25:17,"{""type"":""Point"",""coordinates"":[78.6685633848612,13.42648195272544]}"
20211219T051231_20211219T051225_T43PHQ_8,-9612.5,-5255.0,-0.3408968125337655,-0.046875,-0.4850147741663149,2021-12-19 05:25:17,"{""type"":""Point"",""coordinates"":[78.53625708568862,13.398857569739622]}"
20211219T051231_20211219T051225_T43PHQ_9,-11494.25,-4527.25,-0.3983950297696091,-0.18655932796639832,-0.39948320413436694,2021-12-19 05:25:17,"{""type"":""Point"",""coordinates"":[78.41007188651287,13.159892406141664]}"
20211224T051219_20211224T051734_T43PHQ_0,-1360.25,137.0,-0.03486750348675035,0.3333333333333333,-0.09364767518009168,2021-12-24 05:25:12,"{""type"":""Point"",""coordinates"":[78.15656917243544,12.826418155727978]}"
20211224T051219_20211224T051734_T43PHQ_1,-5112.25,-3196.0,-0.29701686121919585,0.12525951557093426,-0.5099457504520796,2021-12-24 05:25:12,"{""type"":""Point"",""coordinates"":[78.74163931502379,12.780724791715844]}"
20211224T051219_20211224T051734_T43PHQ_2,-7159.5,-2644.0,-0.09745958429561201,0.0765840220385675,-0.2768319763138416,2021-12-24 05:25:12,"{""type"":""Point"",""coordinates"":[77.9756836721797,13.447137548045394]}"
20211224T051219_20211224T051734_T43PHQ_3,-9289.75,-2787.5,-0.35813652539631186,-0.23515805705474171,-0.2957046503372382,2021-12-24 05:25:12,"{""type"":""Point"",""coordinates"":[77.8583194257387,12.642488191446043]}"
20211224T051219_20211224T051734_T43PHQ_4,-8945.5,-3211.0,-0.41612793467165704,-0.20408163265306123,-0.3858267716535433,2021-12-24 05:25:12,"{""type"":""Point"",""coordinates"":[77.8488947210855,12.928129788553226]}"
20211224T051219_20211224T051734_T43PHQ_5,-6426.0,-2895.75,-0.35080645161290325,-0.047337278106508875,-0.43587946741415556,2021-12-24 05:25:12,"{""type"":""Point"",""coordinates"":[78.76999819878446,13.123839871754672]}"
20211224T051219_20211224T051734_T43PHQ_6,-9938.5,-4357.75,-0.38562464346833997,-0.1293451899757478,-0.43789144050104384,2021-12-24 05:25:12,"{""type"":""Point"",""coordinates"":[78.44728713133662,13.154421994809873]}"
20211224T051219_20211224T051734_T43PHQ_7,-6152.5,-2572.5,-0.3284433577832111,-0.038506417736289385,-0.4002911208151383,2021-12-24 05:25:12,"{""type"":""Point"",""coordinates"":[78.6685633848612,13.42648195272544]}"
20211224T051219_20211224T051734_T43PHQ_8,-9369.5,-4941.0,-0.3538286364930259,-0.06852687730816578,-0.4844424256188962,2021-12-24 05:25:12,"{""type"":""Point"",""coordinates"":[78.53625708568862,13.398857569739622]}"
20211224T051219_20211224T051734_T43PHQ_9,-11012.25,-4126.5,-0.35109323950741395,-0.14418296320848525,-0.3548225887056472,2021-12-24 05:25:12,"{""type"":""Point"",""coordinates"":[78.41007188651287,13.159892406141664]}"
